bărbat;man
femeie;woman
băiat;boy
fată;girl
eu;I
sunt;am
un;a
o;a
nu;no
copil;child
tu;you
ești;are (you are)
el;he
ea;she
este;is
e;is
și;and
măr;apple
pâine;bread
mănânc;eat
mănânci;eat (you eat)
apă;water
lapte;milk
beau;drink
bei;drink (you drink)
sau;or
bărbatul;the man
băiatul;the boy
copilul;the child
mărul;the apple
mănâncă;eats
suc;juice
ceai;tea
cafea;coffee
bea;drinks
femeia;the woman
fata;the girl
pâinea;the bread
apa;the water
laptele;the milk
sucul;the juice
ceaiul;the tea
cafeaua;the coffee
am;have
ai;have (you have)
are;has
meniu;menu
sandvici;sandwich
orez;rice
mere;apples
copii;children
două;two
noi;we
suntem;are (we are)
avem;have (we have)
voi;you (plural)
sunteți;are (you are, plural)
aveți;have (you have, plural)
bărbați;men
băieți;boys
doi;two
ei;they (masculine)
ele;they (feminine)
sunt;are
au;have
femei;women
fete;girls
merele;the apples
carte;book
ziar;newspaper
mâncăm;eat (we eat)
bem;drink (we drink)
mâncați;eat (you eat, plural)
beți;drink (you drink, plural)
mănâncă;eats
beau;drink
orezul;the rice
sandviciul;the sandwich
meniul;the menu
citesc;read
scriu;write
citești;read (you read)
scrii;write (you write)
citește;reads
scrie;writes
mesaj;message
scrisoare;letter
ziarul;the newspaper
citim;read (we read)
scriem;write (we write)
citiți;read (you read, plural)
scrieți;write (you write, plural)
scrisoarea;the letter
mesajul;the message
cartea;the book
salut;hello
bună;hi
mersi;thanks
mulțumesc;thank you
da;yes
te;you
rog;please
cu;with
plăcere;pleasure
pa;bye
pe;on
curând;soon
la;at
revedere;goodbye
scuze;sorry
pardon;excuse me
bun venit;welcome
dimineața;morning
ziua;day
seara;evening
noapte;night
poftă;appetite
duolingo;duolingo
ana;ana
vorbesc;speak
vorbești;speak (you speak)
vorbește;speaks
vorbim;speak (we speak)
vorbiți;speak (you speak, plural)
limbă;language
română;Romanian
engleza;English
masă;table
zahăr;sugar
miere;honey
unt;butter
brânză;cheese
cacao;cocoa
ciocolată;chocolate
plăcintă;pie
micul dejun;breakfast
cină;dinner
piper;pepper
sare;salt
ulei;oil
salată;salad
prânz;lunch
oțet;vinegar
supă;soup
legumă;vegetable
roșie;tomato
castravete;cucumber
ridiche;radish
varză;cabbage
usturoi;garlic
ceapă;onion
desert;dessert
înghețată;ice cream
tort;cake
bucătărie;kitchen
frigider;fridge
cuptor;oven
muștar;mustard
maioneză;mayonnaise
morcov;carrot
cartof;potato
vânătă;eggplant
conopidă;cauliflower
de;of
porc;pork
vită;beef
pește;fish
curcan;turkey
friptură;steak
pui;chicken
carne;meat
șnițel;schnitzel
clătită;pancake
fruct;fruit
lămâie;lemon
banană;banana
caisă;apricot
portocală;orange
mandarină;tangerine
piersică;peach
pară;pear
prună;plum
arahidă;peanut
ananas;pineapple
strugure;grape
căpșună;strawberry
zmeură;raspberry
ou;egg
iaurt;yogurt
șervețel;napkin
ceașcă;cup
pahar;glass
sticlă;bottle
farfurie;plate
furculiță;fork
cuțit;knife
lingură;spoon
linguriță;teaspoon
câine;dog
pisică;cat
cățel;puppy
canar;canary
șoarece;mouse
animal de companie;pet
hamster;hamster
pasăre;bird
papagal;parrot
vacă;cow
taur;bull
bou;ox
vițel;calf
purcel;piglet
oaie;sheep
miel;lamb
capră;goat
iepure;rabbit
găină;hen
cocoș;rooster
rață;duck
gâscă;goose
măgar;donkey
armăsar;stallion
cal;horse
animal;animal
elefant;elephant
leu;lion
urs;bear
lup;wolf
șarpe;snake
balenă;whale
rechin;shark
broască țestoasă;turtle
delfin;dolphin
focă;seal
vultur;eagle
bufniță;owl
liliac;bat
pinguin;penguin
păianjen;spider
insectă;insect
țânțar;mosquito
albină;bee
fluture;butterfly
morcovi;carrots
cartofi;potatoes
canari;canaries
armăsari;stallions
măgari;donkeys
hamsteri;hamsters
tauri;bulls
vulturi;eagles
țânțari;mosquitoes
lupi;wolves
urși;bears
papagali;parrots
boi;oxen
lei;lions
păianjeni;spiders
cocoși;roosters
porci;pigs
rechini;sharks
castraveți;cucumbers
usturoi;garlic
pui;chickens
cai;horses
câini;dogs
căței;puppies
pești;fish
struguri;grapes
iepuri;rabbits
plăcinte;pies
supe;soups
verze;cabbages
cepe;onions
sticle;bottles
mese;tables
bufnițe;owls
gâște;geese
banane;bananas
caise;apricots
portocale;oranges
mandarine;tangerines
prune;plums
pere;pears
insecte;insects
rațe;ducks
albine;bees
dimineți;mornings
seri;evenings
linguri;spoons
găini;hens
fripturi;steaks
prăjituri;cakes
piersici;peaches
vaci;cows
pisici;cats
beri;beers
lămâi;lemons
farfurii;plates
cafele;coffees
pâini;breads
roșii;tomatoes
zile;days
scrisori;letters
cărți;books
sucuri;juices
deserturi;desserts
torturi;cakes
iaurturi;yogurts
vinuri;wines
ouă;eggs
sandviciuri;sandwiches
prânzuri;lunches
păsări;birds
frigidere;fridges
mesaje;messages
cuțite;knives
animale;animals
meniuri;menus
ceaiuri;teas
șnițele;schnitzels
ziare;newspapers
pahare;glasses
înalt;tall
scundă;short
rapid;fast
încet;slow
bun;good
ușor;easy
puternic;strong
slab;weak
gras;fat
tinere;young
bătrân;old
frumos;beautiful
urât;ugly
bogat;rich
sărac;poor
scump;expensive
ieftin;cheap
deștept;smart
sărată;salty
amar;bitter
proaspătă;fresh
calde;warm
prăjit;fried
copt;baked
fiert;boiled
plin;full
gol;empty
curat;clean  
murdar;dirty  
ud;wet  
uscate;dry  
acre;sour  
mândru;proud  
rău;bad  
greu;hard  
mică;small  
larg;wide  
lungă;long  
românesc;Romanian  
englezesc;English  
viu;alive  
fermecători;charming  
atrăgător;attractive  
nou;new  
mare;big  
dulce;sweet  
iute;spicy  
rece;cold  
tare;hard  
moale;soft  
subțire;thin  
vechi;old  
eficace;effective  
cumsecade;kind  
fructul;the fruit  
ananasul;the pineapple  
morcovul;the carrot  
tortul;the cake  
zahărul;the sugar  
untul;the butter  
desertul;the dessert  
uleiul;the oil  
oțetul;the vinegar  
frigiderul;the fridge  
cuptorul;the oven  
paharul;the glass  
cuțitul;the knife  
muștarul;the mustard  
iaurtul;the yogurt  
cartoful;the potato  
piperul;the pepper  
puiul;the chicken  
animalul;the animal  
taurul;the bull  
calul;the horse  
măgarul;the donkey  
porcul;the pig  
curcanul;the turkey  
cocoșul;the rooster  
hamsterul;the hamster  
canarul;the canary  
leul;the lion  
ursul;the bear  
lupul;the wolf  
elefantul;the elephant  
vulturul;the eagle  
liliacul;the bat  
pinguinul;the penguin  
rechinul;the shark  
delfinul;the dolphin  
plăcinta;the pie  
clătita;the pancake  
brânza;the cheese  
lămâia;the lemon  
sarea;the salt  
salata;the salad  
varza;the cabbage  
leguma;the vegetable  
conopida;the cauliflower  
roșia;the tomato  
ceapa;the onion  
friptura;the steak  
maioneza;the mayonnaise  
portocala;the orange  
caisa;the apricot  
căpșuna;the strawberry  
pruna;the plum  
găina;the hen  
rața;the duck  
gâsca;the goose  
pasărea;the bird  
vaca;the cow  
oaia;the sheep  
capra;the goat  
insecta;the insect  
albina;the bee  
castravetele;the cucumber  
peștele;the fish  
fluturele;the butterfly  
strugurele;the grape  
șoarecele;the mouse  
câinele;the dog  
bărbații;the men  
ananașii;the pineapples  
morcovii;the carrots  
castraveții;the cucumbers  
usturoii;the garlic cloves  
băieții;the boys  
copiii;the children  
cartofii;the potatoes  
strugurii;the grapes  
liliecii;the bats  
lupii;the wolves  
urșii;the bears  
țânțarii;the mosquitoes  
fluturii;the butterflies  
păianjenii;the spiders  
papagalii;the parrots  
canarii;the canaries  
câinii;the dogs  
purceii;the piglets  
mieii;the lambs  
caii;the horses  
boii;the oxen  
taurii;the bulls  
măgarii;the donkeys  
porcii;the pigs  
curcanii;the turkeys  
puii;the chickens  
cocoșii;the roosters  
leii;the lions  
elefanții;the elephants  
rechinii;the sharks  
peștii;the fish  
delfinii;the dolphins  
șerpii;the snakes  
vulturii;the eagles  
vacile;the cows  
păsările;the birds  
pisicile;the cats  
albinele;the bees  
rațele;the ducks  
găinile;the hens  
animalele;the animals  
insectele;the insects  
balenele;the whales  
fetele;the girls  
nopțile;the nights  
zilele;the days  
limbile;the languages  
femeile;the women  
ziarele;the newspapers  
scrisorile;the letters  
cărțile;the books  
vinetele;the eggplants  
cepele;the onions  
roșiile;the tomatoes  
salatele;the salads  
legumele;the vegetables  
portocalele;the oranges  
fructele;the fruits  
bananele;the bananas  
supele;the soups  
prăjiturile;the cakes  
deserturile;the desserts  
paharele;the glasses  
farfuriile;the plates  
cuptoarele;the ovens  
mesele;the tables  
frigiderele;the fridges  
bucătăriile;the kitchens  
a înota;to swim  
a mânca;to eat  
a cânta;to sing  
a schimba;to change  
a întreba;to ask  
a asculta;to listen  
a ajuta;to help  
a cumpăra;to buy  
a lua;to take  
a vedea;to see  
a putea;to be able  
a vrea;to want  
a avea;to have  
a cădea;to fall  
a plăcea;to like  
a părea;to seem  
a bea;to drink  
a apărea;to appear  
a deschide;to open  
a închide;to close  
a merge;to go  
a face;to do/make  
a scrie;to write  
a atinge;to touch  
a spune;to say  
a începe;to start  
a vinde;to sell  
a citi;to read  
a dormi;to sleep  
a vorbi;to speak  
a auzi;to hear  
a dori;to wish/want  
a găsi;to find  
a ști;to know  
a fi;to be  
a iubi;to love  
a hotărî;to decide  
a urî;to hate  
a coborî;to go down  
a doborî;to knock down  
unu;one  
trei;three  
patru;four  
cinci;five  
câteva;some  
metru;meter  
jumătate;half  
șase;six  
șapte;seven  
opt;eight  
nouă;nine  
zece;ten  
puțină;a little  
număr;number  
cantitate;quantity  
mult;a lot  
destul;enough  
an;year  
milion;million  
total;total  
sumă;sum  
unsprezece;eleven  
doisprezece;twelve  
treisprezece;thirteen  
paisprezece;fourteen  
cincisprezece;fifteen  
șaisprezece;sixteen  
șaptesprezece;seventeen  
optsprezece;eighteen  
nouăsprezece;nineteen  
douăzeci;twenty  
treizeci;thirty  
patruzeci;forty  
cincizeci;fifty  
șaizeci;sixty  
șaptezeci;seventy  
optzeci;eighty  
nouăzeci;ninety  
sută;hundred  
mie;thousand  
majoritatea;majority  
sumă;sum  
port;port  
pantaloni;pants  
cămașă;shirt  
rochiile;the dresses  
fusta;the skirt  
palton;coat  
pantoful;the shoe  
îmbrăcămintea;the clothing  
haine;clothes  
costum;suit  
pălărie;hat  
curea;belt  
cravată;tie  
mănușa;the glove  
mai;more  
decât;than  
ca;as/like  
fel;way/manner  
scurt;short  
alt;other  
unele;some  
cel;the (masculine singular)  
cea;the (feminine singular)  
cei;the (masculine plural)  
cele;the (feminine plural)  
foarte;very  
asculta;to listen  
alerga;to run  
înota;to swim  
lucra;to work  
umblu;I walk  
da;to give  
explica;to explain  
lua;to take  
învăța;to learn  
spăla;to wash  
taie;to cut  
arăta;to show  
strigăm;we shout  
cânta;to sing  
caută;he/she looks for  
măsoară;he/she measures  
fuma;to smoke  
turna;to pour  
strica;to break  
visa;to dream  
aduna;to gather  
vizitează;he/she visits  
traversează;he/she crosses  
varsă;he/she spills  
leșina;to faint  
ajuta;to help  
cumpărați;you buy (plural/formal)  
rezolvăm;we solve  
roșu;red  
galbeni;yellow (masculine plural)  
albastru;blue  
portocaliu;orange  
albă;white (feminine singular)  
negru;black  
verde;green  
culoare;color  
colorată;colorful (feminine singular)  
mov;purple  
roz;pink  
maro;brown  
gri;gray  
primul;first (masculine singular)  
doua;second (feminine singular)  
treilea;third (masculine singular)  
patra;fourth (feminine singular)  
cincilea;fifth (masculine singular)  
șasea;sixth (feminine singular)  
șaptea;seventh (feminine singular)  
opta;eighth (feminine singular)  
noua;ninth (feminine singular)  
zecea;tenth (feminine singular)  
unsprezecea;eleventh (feminine singular)  
douăsprezecea;twelfth (feminine singular)  
treisprezecelea;thirteenth (masculine singular)  
paisprezecea;fourteenth (feminine singular)  
cincisprezecelea;fifteenth (masculine singular)  
ultimul;the last (masculine singular)  
douăzecea;twentieth (feminine singular)  
treizecilea;thirtieth (masculine singular)  
patruzecea;fortieth (feminine singular)  
cincizecilea;fiftieth (masculine singular)  
șaizecea;sixtieth (feminine singular)  
șaptezecilea;seventieth (masculine singular)  
optzecea;eightieth (feminine singular)  
nouăzecea;ninetieth (feminine singular)  
suta;hundredth (feminine singular)  
vedea;to see  
apărea;to appear  
părea;to seem  
cădea;to fall  
dispărea;to disappear  
scădea;to decrease  
taci;be quiet  
vrea;he/she wants  
cere;to ask/request  
aduce;to bring  
alege;to choose  
deschid;I open  
închide;to close  
fac;I do/make  
începeți;you (plural/formal) start  
înțelegeți;you (plural/formal) understand  
merge;he/she/it goes  
plângem;we cry  
râde;he/she/it laughs  
pune;to put  
conține;to contain  
presupune;to assume  
rămâne;to stay/remain  
umpli;you (singular) fill  
descriu;I describe  
răspunde;to answer  
(a)dormi;to sleep  
auzi;you (singular) hear  
fugim;we run away  
mint;I lie  
sări;to jump  
suferim;we suffer  
veni;to come  
contribui;I contribute  
glumi;to joke  
doresc;I wish  
găsește;he/she/it finds  
găti;to cook  
obosi;to get tired  
primește;he/she/it receives  
încălzi;to warm  
răci;to cool  
sosiți;you (plural/formal) arrive  
construim;we build  
locui;to live  
trăi;to live  
cobor;I descend  
omori;you (singular) kill  
promite;to promise  
trimiteți;you (plural/formal) send  
oferă;he/she/it offers  
astăzi;today  
azi;today  
mâine;tomorrow  
poimâine;the day after tomorrow  
ieri;yesterday  
alaltăieri;the day before yesterday  
deseară;this evening  
după;after  
amiază;noon  
săptămânii;of the week  
luni;Monday  
marți;Tuesday  
miercuri;Wednesday  
joia;Thursday  
vineri;Friday  
sâmbătă;Saturday  
duminică;Sunday  
timp;time  
luna;the month  
iarnă;winter  
decembrie;December  
ianuarie;January  
februarie;February  
primăvară;spring  
martie;March  
aprilie;April  
mai;May  
vară;summer  
iunie;June  
iulie;July  
august;August  
toamnă;autumn  
septembrie;September  
octombrie;October  
noiembrie;November  
anotimp;season  
calendar;calendar  
dată;date  
anii;the years  
deceniu;decade  
secolele;the centuries  
mileniile;the millennia  
oră;hour  
minut;minute  
secundă;second  
perioada;the period  
generația;the generation  
moment;moment  
etapă;stage  
naștere;birth  
morți;deaths  
părinte;parent  
mama;the mother  
tată;father  
fiu;son  
fiică;daughter  
fratele;the brother  
sora;the sister  
soțul;the husband  
soție;wife  
unchiul;the uncle  
mătușă;aunt  
verișorii;the cousins (male/mixed)  
verișoara;the cousin (female)  
cumnat;brother-in-law  
cumnata;sister-in-law  
nepoții;the grandchildren/nephews/nieces (mixed)  
nepoată;granddaughter/niece  
rudă;relative  
bunic;grandfather  
bunică;grandmother  
familiile;the families  
nume;name  
prenume;first name  
ginere;son-in-law  
noră;daughter-in-law  
socrii;the parents-in-law  
soacre;the mothers-in-law  
munci;to work  
muncă;work  
serviciile;the services  
slujbe;jobs  
carieră;career  
meserie;trade/profession  
profesiile;the professions  
profesionistă;professional (feminine)  
personal;staff  
profesor;teacher/professor  
învățător;teacher (primary school)  
studente;female students  
eleve;female pupils  
bibliotecar;librarian  
omul;the man  
savant;scholar/scientist  
cercetător;researcher  
exploratoarele;the female explorers  
matematician;mathematician  
fizician;physicist  
chimist;chemist  
biologii;the biologists  
istoric;historian  
arheolog;archaeologist  
filosof;philosopher  
psiholog;psychologist  
astronomul;the astronomer  
doctor;doctor  
medic;physician  
infirmier;nurse (male)  
farmacistele;the pharmacists (female)  
veterinari;veterinarians  
bancher;banker  
contabil;accountant  
economist;economist  
casier;cashier  
jurnalist;journalist  
reporter;reporter  
traducătoare;female translator  
interpret;interpreter  
scriitor;writer  
autoarea;the author (female)  
pictor;painter  
sculptor;sculptor  
fotograf;photographer  
regizor;director (film/theater)  
scenarist;screenwriter  
artist;artist  
actorul;the actor  
muziciană;female musician  
compozitoarele;the female composers  
cântăreț;singer (male)  
dansator;dancer (male)  
coregrafele;the female choreographers  
politiciana;the politician (female)  
președinta;the president (female)  
vicepreședinte;vice president  
șef;boss/chief  
director;director  
secretar;secretary  
recepționer;receptionist  
angajatul;the employee  
angajator;employer  
judecător;judge  
avocat;lawyer  
detectivii;the detectives  
polițist;police officer  
gardian;guard  
soldat;soldier  
pompier;firefighter  
poștașii;the postmen  
preot;priest  
inginerele;the female engineers  
arhitect;architect  
electrician;electrician  
instalator;plumber  
muncitor;worker  
fermier;farmer  
zidar;bricklayer  
tâmplar;carpenter  
grădinarii;the gardeners  
bucătarul;the chef  
chelner;waiter  
barmanele;the female bartenders  
brutărese;the female bakers  
măcelari;butchers  
pescarul;the fisherman  
vânătorii;the hunters  
căpitan;captain  
pirat;pirate  
croitor;tailor  
coafeză;hairdresser (female)  
frizer;barber  
cosmetician;beautician  
mecanicul;the mechanic  
șofer;driver  
taximetrist;taxi driver  
piloți;pilots  
stewardesa;flight attendant (female)  
pe;on  
la;at/to  
de;of/from  
între;between  
din;from  
în;in  
cu;with  
fără;without  
pentru;for  
lângă;next to  
sub;under  
peste;over/across  
după;after  
înainte;before  
până;until  
spre;towards  
dinspre;from (direction)  
către;towards  
printre;among  
despre;about  
prin;through  
în afară de;apart from  
în loc de;instead of  
împreună cu;together with  
dintre;between  
odată cu;at the same time as  
metru;meter  
decimetru;decimeter  
centimetru;centimeter  
milimetrii;millimeters  
decametru;decameter  
hectometru;hectometer  
kilometru;kilometer  
milă;mile  
gram;gram  
decigram;decigram  
centigram;centigram  
miligram;milligram  
decagram;decagram  
kilogram;kilogram  
tonă;ton  
livră;pound  
litru;liter  
decilitrul;deciliter  
centilitru;centiliter  
mililitru;milliliter  
decalitrul;decaliter  
hectolitri;hectoliters  
kilolitru;kiloliter  
gradul;degree  
volt;volt  
watt;watt  
cântărim;we weigh  
obiecte;objects  
lucrurile;the things  
piesele;the pieces  
bucată;piece  
felii;slices  
borcanul;the jar  
cutie;box  
pungă;bag  
ghiozdane;backpacks  
pixuri;pens  
creion;pencil  
gumă de șters;eraser  
ascuțitoare;sharpener  
foaie de hârtie;sheet of paper  
caiete;notebooks  
stilou;pen (fountain)  
riglă;ruler  
penarele;the pencil cases  
ochelari;glasses  
umbrela;umbrella  
foarfeca;scissors  
brelocurile;keychains  
cheia;key  
ceas;watch  
portofel;wallet  
poșetele;the handbags  
brichetă;lighter  
brățară;bracelet  
nasturii;the buttons  
inel;ring  
cercel;earring  
pieptene;comb  
perie de păr;hairbrush  
batistă;handkerchief  
lănțișor;necklace  
verigheta;wedding ring  
baterie;battery  
lumânare;candle  
ac;needle  
chibritul;match  
bec;light bulb  
timbru;stamp  
lipici;glue  
fermoar;zipper  
ciocan;hammer  
motor;engine  
parbriz;windshield  
portbagaj;trunk (car)  
centură de siguranță;seatbelt  
aer condiționat;air conditioning  
roată;wheel  
semafor;traffic light  
volanul;steering wheel  
oglindă;mirror  
clopot;bell  
telefon;phone  
radio;radio  
televizor;television  
monitoarele;the monitors  
ecranele;the screens  
calculatorul;the computer  
tastaturile;the keyboards  
cablu;cable  
mărimea;size  
lungimea;length  
lățimea;width  
înălțimi;height  
suprafață;surface  
volum;volume  
temperatură;temperature  
grosime;thickness  
adâncimi;depth  
viteză;speed  
distanță;distance  
greutate;weight  
formă;shape  
pătrat;square  
rotund;round  
triunghiulară;triangular  
vechimea;age (of an object)  
loc;place  
regiune;region  
zonă;zone  
țării;countries  
oraș;city  
capitală;capital  
municipiu;municipality  
insulă;island  
adresă;address  
nord;north  
sud;south  
estul;the east  
vestul;the west  
autostrăzi;highways  
bulevard;boulevard  
stradă;street  
cartier;neighborhood  
colț;corner  
clădire;building  
bloc;apartment block  
casă;house  
acasă;home  
restaurante;restaurants  
hoteluri;hotels  
biserică;church  
grădinile;the gardens  
piață;square  
dreaptă;right (direction)  
stângă;left (direction)  
centru;center  
periferie;periphery  
aproape;near  
departe;far  
palatul;palace  
castel;castle  
muzeu;museum  
pod;bridge  
grădină zoologică;zoo  
grădină botanică;botanical garden  
bancă;bank  
teatru;theater  
cinematografului;cinema  
bibliotecă;library  
librăriei;bookstore  
farmacie;pharmacy  
florărie;flower shop  
închisoare;prison  
școală;school  
bar;bar  
birou;office  
magazin;shop  
naționalitate;nationality  
străin;foreign  
pașaport;passport  
nativ;native  
viză;visa  
românia;romania  
românii;the romanians  
australia;australia  
australian;australian  
austria;austria  
austriac;austrian  
brazilia;brazil  
brazilieni;brazilians  
germania;germany  
german;german  
franța;france  
francez;french  
marea britanie;united kingdom  
britanic;british  
scoția;scotland  
scoțian;scottish  
irlanda;ireland  
irlandez;irish  
țara galilor;wales  
galez;welsh  
suedia;sweden  
suedez;swedish  
belgia;belgium  
belgian;belgian  
argentina;argentina  
argentinieni;argentinians  
norvegia;norway  
norvegian;norwegian  
danemarca;denmark  
danez;danish  
grecia;greece  
greci;greeks  
spania;spain  
spaniol;spanish  
elveția;switzerland  
elvețian;swiss  
egipt;egypt  
egiptean;egyptian  
rusia;russia  
rus;russian  
olanda;netherlands  
olandez;dutch  
turcia;turkey  
turc;turkish  
portugalia;portugal  
portughez;portuguese  
malaezia;malaysia  
malaezian;malaysian  
statele unite ale americii;united states of america  
american;american  
stat;state  
republică;republic  
monarhia;monarchy  
regat;kingdom  
rege;king  
împărat;emperor  
prinț;prince  
tron;throne  
moștenitor;heir  
guvern;government  
parlamentul;parliament  
senator;senator  
deputat;deputy  
ministru;minister  
prim-ministru;prime minister  
primar;mayor  
politic;political  
cetățean;citizen  
libertate;freedom  
dreptate;justice  
egalitatea;equality  
drept;right  
lege;law  
constituție;constitution  
tribunal;tribunal  
pacea;peace  
război;war  
partid politic;political party  
campanie electorală;election campaign  
alegere;election  
vot;vote  
candidat;candidate  
câștigător;winner  
discursului;speech  
strategie;strategy  
infracțiune;crime  
violență;violence  
conflict;conflict  
amenințare;threat  
grevă;strike  
criză;crisis  
acord;agreement  
decizia;decision  
plan;plan  
corupție;corruption  
nici;neither  
numai;only  
atât ... cât și ...;both ... and ...  
dar;but  
însă;however  
iar;and (used for emphasis)  
ci;but (in contrast)  
ori;or  
fie;whether  
deci;so  
așadar;therefore  
în concluzie;in conclusion  
fiindcă;because  
pentru că;because  
deoarece;because  
din cauză că;because of  
întrucât;since  
că;that  
deși;although  
chiar dacă;even if  
cu toate că;although  
dacă;if  
în caz că;if  
în timp ce;while  
până când;until  
după ce;after  
imediat ce;as soon as  
aici;here  
acolo;there  
acum;now  
atunci;then  
așa;thus  
cum;how  
când;when  
unde;where  
cât;how much  
puțin;little  
foarte;very  
tot;all  
bine;well  
repede;quickly  
sigur;sure  
iarăși;again  
încet;slowly  
rău;bad  
suficient;sufficient  
uneori;sometimes  
des;often  
rar;seldom  
altfel;otherwise  
degeaba;in vain  
împreună;together  
separat;separately  
pe neașteptate;suddenly  
apoi;then  
afară;outside  
înăuntru;inside  
dincolo;beyond  
înainte;forward  
înapoi;back  
deasupra;above  
jos;down  
atât;as much  
destul;enough  
cât de cât;somewhat  
deloc;at all  
chiar;even  
tocmai;exact  
desigur;surely  
firește;of course  
negreșit;certainly  
nici;neither  
nicăieri;nowhere  
niciodată;never  
cel puțin;at least  
măcar;at least  
decât;than  
doar;only  
numai;just  
probabil;probably  
poate;maybe  
posibil;possible  
oare;perhaps  
câteodată;sometimes  
întotdeauna;always  
imediat;immediately  
cine;who  
ce;what  
cel ce;the one who  
care;which  
ceea ce;that which  
ceva;something  
altceva;something else  
orice;anything  
nimeni;nobody  
nimic;nothing  
unul;one  
altul;the other  
vreo;any  
niciuneia;neither  
fiecare;each  
oricăruia;whomever  
cineva;someone  
altcineva;someone else  
oricine;anyone  
asupra;upon  
contra;against  
cu ocazia;on the occasion of  
de la începutul;from the beginning of  
de la mijlocul;from the middle of  
de la sfârșitul;from the end of  
de-a latul;across  
de-a lungul;along  
deasupra;above  
din cauza;because of  
din cursul;during  
din fața;in front of  
din fruntea;from the head of  
din jurul;around  
din mijlocul;from the middle of  
din spatele;from behind  
din timpul;from the time of  
împrejurul;around  
în cursul;during  
în fața;in front of  
în fruntea;at the head of  
în jurul;around  
în locul;in place of  
în numele;on behalf of  
în privința;concerning  
în spatele;behind  
în timpul;during  
în urma;after  
la începutul;at the beginning of  
la mijlocul;in the middle of  
la sfârșitul;at the end of  
grație;thanks to  
mulțumită;thanks to  
dinaintea;before  
datorită;due to  
înaintea;before  
cap;head  
păr;hair  
sprânceană;eyebrow  
ochi;eye  
nas;nose  
ureche;ear  
barbă;beard  
mustață;mustache  
gură;mouth  
buze;lips  
dinții;teeth  
limbă;tongue  
bărbie;chin  
gât;neck  
umăr;shoulder  
spate;back  
piept;chest  
braț;arm  
burta;belly  
cot;elbow  
deget;finger  
mână;hand  
unghie;nail  
palmă;palm  
pumnul;fist  
picior;leg  
genunchi;knee  
încheietură;wrist  
glezna;ankle  
talpă;sole  
călcâie;heel  
șold;hip  
față;face  
frunții;forehead  
pleoapă;eyelid  
obrajii;cheeks  
genele;eyelashes  
buric;navel  
nări;nostrils  
popor;people  
populație;population  
națiunea;nation  
mulțime;crowd  
adunare;gathering  
lumea;the world  
grupul;group  
societate;society  
comunități;communities  
tineret;youth  
ființă umană;human being  
individ;individual  
persoanele;the people  
cultura;culture  
public;public  
privat;private  
relație;relationship  
prietenie;friendship  
dușmănie;enmity  
domn;gentleman  
doamnelor;ladies  
domnișoară;miss  
adult;adult  
bebeluș;baby  
iubit;beloved  
cuplu;couple  
echipă;team  
comitet;committee  
colectiv;collective  
fundație;foundation  
sindicat;trade union  
contract;contract  
donație;donation  
apartament;apartment  
locuința;dwelling  
acoperiș;roof  
scară;staircase  
etaj;floor  
tavan;ceiling  
perete;wall  
podea;floor  
garaj;garage  
ferestre;windows  
ușa;door  
cameră;room  
hol;hall  
baie;bathroom  
dormitor;bedroom  
bucătăria;kitchen  
sufragerie;living room  
pod;attic  
robinet;faucet  
covorul;carpet  
dușul;shower  
cadă;bathtub  
prosop;towel  
săpun;soap  
periuță de dinți;toothbrush  
pastă de dinți;toothpaste  
mașină de spălat;washing machine  
cuier;coat rack  
scaun;chair  
pat;bed  
lampă;lamp  
noptieră;nightstand  
șifonier;wardrobe  
perdelele;curtains  
dulap;closet  
biroul;desk  
saltea;mattress  
pătură;blanket  
cearșaf;sheet  
pernă;pillow  
față de pernă;pillowcase  
canapea;sofa  
fotoliu;armchair  
bibliotecă;bookshelf  
tablou;painting  
fier de călcat;iron  
aspirator;vacuum cleaner  
aragaz;stove  
prăjitor de pâine;toaster  
tigaie;pan  
chiuveta;sink  
față de masă;tablecloth  
cuptor cu microunde;microwave oven  
cratița;pot  
vază;vase  
sertarul;drawer  
mobilier;furniture  
mătura;broom  
făraș;dustpan  
priză;socket  
coș de gunoi;trash can  
întrerupător;switch  
robot de bucătărie;food processor  
dor;longing  
foame;hunger  
sete;thirst  
frică;fear  
frig;cold  
cald;warm  
rușine;shame  
poftă;appetite  
teamă;fear  
somn;sleep  
a îi părea bine;to feel good  
a îi părea rău;to feel bad  
a îi fi bine;to be good for him/her  
a îi fi rău;to be bad for him/her  
lene;laziness  
indiferent;indifferent  
drag;dear  
mă;me  
te;you  
se;himself, herself, itself  
ne;us  
vă;you (plural/formal)  
îmi;my  
îți;your  
își;his/her/their  
sine;himself, herself  
însuți;yourself (formal)  
însumi;myself  
însuși;himself, herself  
înșine;ourselves  
înșivă;themselves  
înșiși;themselves  
a se bucura;to enjoy  
a se îmbăta;to get drunk  
a se spăla;to wash oneself  
a se îmbrăca;to dress  
a se distra;to have fun  
a se gândi;to think  
a se odihni;to rest  
a se ridica;to rise  
a se dezbrăca;to undress  
a se culca;to lie down  
a se scula;to get up  
a-și aminti;to remember  
a-și imagina;to imagine  
a-și închipui;to suppose  
a-și face;to make  
a se certa;to argue  
a se împrieteni;to make friends  
a se înțelege;to understand each other  
călătorie;journal  
internațională;international  
drum;road  
hartă;map  
busolele;compasses  
graniță;border  
vacanță;vacation  
destinație;destination  
itinerariul;itinerary  
turistul;tourist  
ghizi;guides  
bilete;tickets  
rezervările;reservations  
pasagerei;passengers 
birou de informații;information desk  
valiză;suitcase  
geamantanul;the trunk  
bagaj;luggage  
mașină;car  
bicicletă;bicycle  
motocicletă;motorcycle  
autobuzul;the bus  
tren;train  
autocar;coach  
barcă;boat  
vapor;ship  
avion;airplane  
a rezerva;to reserve  
a întârzia;to delay  
a călători;to travel  
a pleca;to leave  
întârziere;delay  
anularea;cancellation  
sosirile;arrivals  
plecarea;departure  
a urca;to climb/board  
orarului;schedule  
dus-întors;round-trip  
peronul;the platform  
gară;station  
stație;stop  
oprire;stop (noun)  
vagoanele;the wagons  
a pierde;to lose/miss  
a opri;to stop  
aeroportul;the airport  
companie aeriană;airline  
zbor;flight  
îmbarcările;boardings  
aterizare;landing  
decolarea;takeoff  
poarta;the gate  
turbulență;turbulence  
zburați;you fly  
port;port  
croazieră;cruise  
mare;sea  
ocean;ocean  
traversarea;crossing  
punte;deck  
vestă de salvare;life jacket  
echipajul;the crew  
a naviga;to sail/navigate  
cer;sky  
stea;star  
planetă;planet  
soarele;the sun  
luna;the moon  
cometă;comet  
meteorit;meteorite  
univers;universe  
pământ;earth  
nori;clouds  
vânt;wind  
briză;breeze  
climă;climate  
furtună;storm  
curcubeu;rainbow  
tunet;thunder  
fulger;lightning  
încălzire globală;global warming  
senin;clear (sky)  
ceață;fog  
grindină;hail  
ploaie;rain  
zăpadă;snow  
inundație;flood  
secetă;drought  
îngheț;frost  
înnorat;cloudy  
prognoza meteo;weather forecast  
fulg de nea;snowflake  
strop de ploaie;raindrop  
a se topi;to melt  
a ninge;to snow  
plouă;it rains  
a ieși soarele;to come out (the sun)  
aerul;the air  
foc;fire  
natură;nature  
peisaj;landscape  
munte;mountain  
pădure;forest  
piatră;stone  
sol;soil  
râu;river  
fluviu;large river  
deal;hill  
faună;fauna  
vegetația;vegetation  
resurse naturale;natural resources  
lemn;wood  
nisip;sand  
cărbune;coal  
minereu;ore  
gaz natural;natural gas  
extrage;to extract  
câmpie;plain  
cereală;grain  
grâu;wheat  
porumb;corn  
iarba;grass  
flori;flowers  
cultivă;to cultivate  
a crește;to grow  
copac;tree  
buruiană;weed  
rădăcină;root  
frunză;leaf  
polen;pollen  
petală;petal  
conifer;conifer  
vulcan;volcano  
a erupe;to erupt  
trandafir;rose  
ghiocel;snowdrop  
floarea-soarelui;sunflower  
lalele;tulips  
nuferii;water lilies  
macului;poppy  
orhidee;orchid  
creangă;branch  
brad;fir tree  
arțar;maple  
stejar;oak  
salcie;willow  
cireș;cherry tree  
măslini;olive tree  
păr;pear tree  
prun;plum tree  
trunchi;trunk  
cercetare;research  
detaliu;detail  
tehnologie;technology  
proiect;project  
știință;science  
articolul;the article  
analiză;analysis  
metodă;method  
mostră;sample  
teorie;theory  
practică;practice  
definiție;definition  
limite;limits  
concept;concept  
descoperire;discovery  
formulă;formula  
ipoteză;hypothesis  
concluziile;the conclusions  
fizică;physics  
chimia;chemistry  
biologie;biology  
geografia;geography  
astronomie;astronomy  
inginerie;engineering  
geologie;geology  
matematică;mathematics  
calitate;quality  
substanță;substance  
hidrogen;hydrogen  
oxigen;oxygen  
efectul;the effect  
rezultat;result  
experiment;experiment  
invenție;invention  
grădiniță;kindergarten  
școala primară;primary school  
școala generală;middle school  
facultate;faculty/college  
universitate;university  
sistem de învățământ;education system  
educație;education  
învățământ superior;higher education  
liceu;high school  
materie;subject  
curs;course  
lecție;lesson  
temă;homework  
notă;grade  
test;test  
examen;exam  
trimestru;term  
semestrul;semester  
sală de clasă;classroom  
pupitru;desk  
tablă neagră;blackboard  
cretă;chalk  
sală de sport;gym  
laborator;laboratory  
pauză;break  
diplomă;diploma  
absolvent;graduate  
masterat;master's degree  
dizertația;thesis  
tezele;the theses  
lectură;reading  
dezbatere;debate  
eseu;essay  
campus universitar;university campus  
certificat;certificate  
studios;studious  
tocilar;nerd  
șoarece de bibliotecă;bookworm  
a preda;to teach  
a studia;to study  
a revizui;to review  
a pica un examen;to fail an exam  
a trece un examen;to pass an exam  
dans;dance  
literatură;literature  
pictură;painting  
sculptura;sculpture  
arhitectură;architecture  
poezie;poetry  
muzică;music  
cinematografia;cinematography  
artă;art  
imaginea;image  
operă de artă;work of art  
pictez;I paint  
portretul;the portrait  
acuarelă;watercolor  
stil;style  
rimă;rhyme  
ritm;rhythm  
vers;verse  
concert;concert  
audiență;audience  
sunetele;sounds  
armonie;harmony  
orchestră;orchestra  
trupe;bands  
scenă;stage  
melodie;melody
voce;voice  
pian;piano  
chitarele;guitars  
vioară;violin  
violoncel;cello  
trompetă;trumpet  
flaut;flute  
cimpoi;bagpipes  
tobe;drums  
muzicuță;harmonica  
liber;free  
a plăcea;to like  
pasiune;passion  
favorit;favorite  
plăcere;pleasure  
alergarea;running  
gătit;cooking  
hobby;hobby  
grădinărit;gardening  
plăcută;pleasant  
activitate;activity  
cumpărătură;shopping  
scris;writing  
pescuitul;fishing  
joc;game  
dependență;addiction  
a prefera;to prefer  
mers;walking  
desenul;drawing  
astrologie;astrology  
colecționat;collecting  
film;film/movie  
șahul;chess  
cititul;reading  
navigat;browsing/sailing  
fotografia;photography  
jucător;player  
fotbal;soccer/football  
minge;ball  
sport;sport  
gol;goal  
ligă;league  
stadion;stadium  
joc;game  
arbitru;referee  
repriză;half/period  
meci;match  
antrenorul;coach  
spectator;spectator  
portar;goalkeeper  
pasă;pass  
scorul;score  
a lovi;to hit  
handbal;handball  
olimpiadă;Olympics  
turneu;tournament  
baschet;basketball  
campionat;championship  
sală;hall  
oină;oină (traditional Romanian sport)  
a prinde;to catch  
amator;amateur  
joc;game  
campionul;champion  
tenis;tennis  
înot;swimming  
individual;individual  
rachetă;racket  
vestiar;locker room  
puncte;points  
a câștiga;to win  
economia;economy  
a plăti;to pay  
bani;money  
moneda;currency  
lei;lei (Romanian currency)  
dolar;dollar  
venitul;income  
companie;company  
credit;credit  
comerțul;trade  
competiție;competition  
client;client/customer  
manager;manager  
ofertă;offer  
produs;product  
prețul;price  
decizi;decision  
afacerea;business  
contabilitate;accounting  
impozit;tax  
calculat;calculated  
buget;budget  
costul;cost  
datorie;debt  
dobândă;interest  
împrumut;loan  
profit;profit  
acțiune;share  
piață;market  
capital;capital  
bursă;stock exchange  
inflație;inflation  
recesiune;recession  
faliment;bankruptcy  
risc;risk  
a investi;to invest  
medicină;medicine  
boală;disease  
bacterii;bacteria  
virus;virus  
sănătate;health  
durere;pain  
malarie;malaria  
infecție;infection  
pacient;patient  
afecțiune;condition  
accidentului;the accident  
ajutor;help  
ambulanță;ambulance  
bolnav;sick  
obezitate;obesity  
tratament;treatment  
diagnostic;diagnosis  
asistentă;nurse  
diabetul;diabetes  
depresie;depression  
programare;appointment  
alergie;allergy  
medicament;medicine/drug  
sănătos;healthy  
stetoscop;stethoscope  
tuberculoză;tuberculosis  
urgență;emergency  
îngrijire;care  
operație;surgery  
răceală;cold  
radiografie;x-ray  
sânge;blood  
spital;hospital  
cancer;cancer  
carii;cavities  
medicală;medical  
crăciunul;Christmas  
ajunul crăciunului;Christmas Eve  
1 mai;May 1st  
anul nou;New Year  
revelionul;New Year's Eve  
vinerea mare;Good Friday  
moș crăciun;Santa Claus  
paște;Easter  
ziua îndrăgostiților;Valentine's Day  
ziua recunoștinței;Thanksgiving  
tradiție;tradition  
a celebra;to celebrate  
a sărbători;to celebrate  
ceremonia;ceremony  
aniversarea;anniversary  
aniversăm;we celebrate  
sfânta maria;Saint Mary  
ziua națională;National Day  
ziua unirii;Union Day  
ziua femeii;Women's Day  
zi de naștere;birthday  
sfântul ion;Saint John  
sărbătoare națională;national holiday  
crăciun fericit;Merry Christmas  
felicitări;congratulations  
la mulți ani;Happy Birthday/Best Wishes  
an nou fericit;Happy New Year  
paște fericit;Happy Easter  
a ura;to wish  
sărbători fericite;Happy Holidays  
religie;religion  
religios;religious  
secular;secular  
rugăciune;prayer  
dumnezeu;God  
zeu;deity/god  
spirit;spirit  
sfântă;saint/holy  
credință;faith  
monoteistă;monotheistic  
creștinism;Christianity  
musulman;Muslim  
iudaism;Judaism  
politeism;polytheism  
budist;Buddhist  
hinduist;Hindu  
păgânism;paganism  
ateism;atheism  
catedrală;cathedral  
moschee;mosque  
sinagogă;synagogue  
templu;temple  
papă;Pope  
pastor;pastor  
rabinul;rabin  
călugăr;monk  
a predica;to preach  
post;fasting  
botezul;baptism  
icoană;icon  
moaștele;relics  
păcat;sin  
biblie;Bible  
coran;Quran  
cruce;cross  
a se ruga;to pray  